ingredient,total,unit
salt,4.144469314866667,kG
pepper,1.2732638159999998,kG
olive_oil,19.181466991,kG
butter,18.5751510684,kG
flour,10.5736434482,kG
sugar,108.177278366,kG
